P;MDP;admin
K;MMM;user
AAA;AAA;admin
BBB;BBB;user
Q;Q;user
Ajout;Ajout;admin
add;add;admin
DDD;DDD;user
HHH;HHH;admin
P;MDP;admin
K;MMM;user
AAA;AAA;admin
BBB;BBB;user
Q;Q;user
Ajout;Ajout;admin
add;add;admin
DDD;DDD;user
HHH;HHH;admin
QQQ;QQQ;user
FGFG;GHJG;user
JJKHK;JKJJK;admin
MLK;MLK;admin
P;MDP;admin
K;MMM;user
AAA;AAA;admin
BBB;BBB;user
Q;Q;user
Ajout;Ajout;admin
add;add;admin
DDD;DDD;user
HHH;HHH;admin
P;MDP;admin
K;MMM;user
AAA;AAA;admin
BBB;BBB;user
Q;Q;user
Ajout;Ajout;admin
add;add;admin
DDD;DDD;user
HHH;HHH;admin
QQQ;QQQ;user
FGFG;GHJG;user
JJKHK;JKJJK;admin
MLK;MLK;admin
MMLLKK;MMLLKK;user
POI;POI;user
