new;new;Ajout;Ajout;Ajout;Ajout;2024-01-04;2024-01-05
add;add;add;newADR;add;add;2024-01-05;2024-01-05
DDD;DDD;DDD;DDD;DDD;DDD;2024-01-05;2024-01-05
HHH;HHH;HHH;HHH;HHH;HHH;2024-01-05;2024-01-05
new;new;Ajout;Ajout;Ajout;Ajout;2024-01-04;2024-01-05
add;add;add;newADR;add;add;2024-01-05;2024-01-05
DDD;DDD;DDD;DDD;DDD;DDD;2024-01-05;2024-01-05
QQQ;QQQ;QQQ;QQQ;QQQ;QQQ;2024-01-05;2024-01-05
new;new;Ajout;Ajout;Ajout;Ajout;2024-01-04;2024-01-05
add;add;add;newADR;add;add;2024-01-05;2024-01-05
DDD;DDD;DDD;DDD;DDD;DDD;2024-01-05;2024-01-05
HHH;HHH;HHH;HHH;HHH;HHH;2024-01-05;2024-01-05
new;new;Ajout;Ajout;Ajout;Ajout;2024-01-04;2024-01-05
add;PrenomNew;add;newADR;add;add;2024-01-05;2024-01-05
DDD;DDD;DDD;DDD;nouveauDateN;DDD;2024-01-05;2024-01-05
UPDATE;QQQ;QQQ;QQQ;QQQ;QQQ;2024-01-05;2024-01-05
